model,regime,mean_log_vix,mean_vix,ar_coef,sigma,duration_days,stable_prob,logLik,AIC,BIC
fit1_common_AR,low_fear,2.684553136330784,14.651652625918986,0.9731852069814494,0.046144810403898597,21.50604498677662,0.7727692701994628,-12129.738536097517,24273.477072195034,24323.097444488078
fit1_common_AR,high_fear,3.656688171714912,38.732853661355975,0.9731852069814494,0.1130347370941781,6.323794806446308,0.22723072980053713,-12129.738536097517,24273.477072195034,24323.097444488078
fit2_switching_AR,low_fear,2.5990959059530137,13.451571050471964,0.9828075225291544,0.0462153855042808,22.716275110063155,0.774403084653379,-12145.865591983491,24307.731183966982,24364.44018087332
fit2_switching_AR,high_fear,3.3369780398807416,28.133978352168036,0.9473456652766113,0.11294539406479592,6.617640986398697,0.22559691534662107,-12145.865591983491,24307.731183966982,24364.44018087332
