model,rmse
MS-AR,0.07917340397932474
AR(1),0.07849534188045956
