validation,n,kappa,balanced_accuracy,sensitivity,specificity,accuracy
in_sample_smoothed,8854,0.16104916739546077,0.5724097224952278,0.2789921068609593,0.8658273381294964,0.6475039530155862
real_time_filtered_oos,3542,0.24201777749253914,0.6200343773873186,0.4318181818181818,0.8082505729564553,0.7100508187464709
