model,rmse
MS-AR,0.07917340393935107
AR(1),0.07849534188045956
