nominal,lower,upper,empirical_coverage
0.5,0.25,0.75,0.4843264614515674
0.8,0.09999999999999998,0.9,0.7763343688223666
0.95,0.025000000000000022,0.975,0.9443659983055634
